Top pages,Clicks,Impressions,CTR,Position
https://www.rupeekit.co.in/tools/8th-pay-commission-salary-calculator-india,4,627,0.64%,12.26
https://www.rupeekit.co.in/tools/sukanya-samriddhi-yojana-calculator-india,3,184,1.63%,9.26
https://www.rupeekit.co.in/tools/salary-in-hand-calculator-india,2,739,0.27%,15.31
https://www.rupeekit.co.in/8th-pay-commission/level-10,2,83,2.41%,8.52
https://www.rupeekit.co.in/financial-updates/rbi-repo-rate-5-25-august-2026,1,226,0.44%,8.63
https://www.rupeekit.co.in/tools/emergency-fund-calculator-india,1,198,0.51%,10.68
https://www.rupeekit.co.in/blog/monthly-expense-planning-for-family,1,107,0.93%,8.72
https://www.rupeekit.co.in/blog,1,60,1.67%,6.93
https://www.rupeekit.co.in/financial-updates/epfo-services-restored-july-2026,1,29,3.45%,9.03
https://www.rupeekit.co.in/tools,1,17,5.88%,72.29
https://www.rupeekit.co.in/financial-updates/income-tax-demand-facilitation-centre-july-2026,1,16,6.25%,7.62
https://www.rupeekit.co.in/api-docs,1,1,100%,1
https://www.rupeekit.co.in/8th-pay-commission,0,13034,0%,8.9
https://www.rupeekit.co.in/financial-updates/small-savings-rates-july-september-2026,0,554,0%,7.93
https://www.rupeekit.co.in/tools/personal-loan-eligibility-calculator-india,0,475,0%,73.9
https://www.rupeekit.co.in/tools/income-tax-calculator-old-vs-new-regime-india,0,452,0%,18.99
https://www.rupeekit.co.in/blog/zerodha-vs-upstox-vs-angel-one-demat-account,0,276,0%,6.49
https://www.rupeekit.co.in/tools/net-worth-calculator-india,0,254,0%,36.4
https://www.rupeekit.co.in/tools/gold-loan-calculator-india,0,212,0%,45.62
https://www.rupeekit.co.in/tools/cagr-calculator-india,0,163,0%,25.47
https://www.rupeekit.co.in/financial-updates/8th-cpc-chandigarh-visit-september-2026,0,95,0%,6
https://www.rupeekit.co.in/tools/home-loan-emi-calculator-india,0,85,0%,22.91
https://www.rupeekit.co.in/resources,0,84,0%,1.99
https://www.rupeekit.co.in/blog/best-personal-finance-books-for-beginners,0,80,0%,22.01
https://www.rupeekit.co.in/resources/recommended-money-tools,0,76,0%,2.82
https://www.rupeekit.co.in/blog/how-much-emergency-fund,0,65,0%,31.68
https://www.rupeekit.co.in/tools/personal-loan-emi-calculator-india,0,53,0%,61.19
https://www.rupeekit.co.in/tools/bonus-tax-calculator-india,0,50,0%,12.38
https://www.rupeekit.co.in/8th-pay-commission/level-7,0,41,0%,15.88
https://www.rupeekit.co.in/tools/step-up-sip-calculator-india,0,40,0%,21.23
https://www.rupeekit.co.in/blog/how-to-calculate-in-hand-salary-from-ctc-india,0,33,0%,14.09
https://www.rupeekit.co.in/blog/how-to-create-a-monthly-budget,0,22,0%,6.77
https://www.rupeekit.co.in/blog/itr-2-ay-2026-27-filing-guide,0,22,0%,13.77
https://www.rupeekit.co.in/tools/gratuity-under-new-wage-code-calculator-india,0,21,0%,18.76
https://www.rupeekit.co.in/tools/capital-gains-tax-calculator-india,0,19,0%,10.16
https://www.rupeekit.co.in/blog/income-tax-on-12-lakh-salary-new-regime-india-2026,0,19,0%,15.63
https://www.rupeekit.co.in/tools/fd-calculator-india,0,19,0%,46.11
https://www.rupeekit.co.in/blog/epf-partial-withdrawal-rules-india,0,18,0%,8.89
https://www.rupeekit.co.in/tools/nps-calculator-india,0,18,0%,12.17
https://www.rupeekit.co.in/tools/hra-exemption-calculator-india,0,16,0%,6.94
https://www.rupeekit.co.in/tools/ppf-calculator-india,0,16,0%,25.69
https://www.rupeekit.co.in/blog/home-loan-eligibility-by-salary-india,0,16,0%,56.75
https://www.rupeekit.co.in/financial-updates/income-tax-helpdesk-24x7-july-2026,0,15,0%,7.93
https://www.rupeekit.co.in/blog/mutual-funds-for-beginners-india,0,15,0%,25.6
https://www.rupeekit.co.in/tools/loan-foreclosure-net-savings-calculator-india,0,14,0%,16.93
https://www.rupeekit.co.in/guides/gratuity-2026-old-vs-new,0,13,0%,8
https://www.rupeekit.co.in/blog/save-capital-gains-tax-equity-india,0,13,0%,9.46
https://www.rupeekit.co.in/guides/best-time-to-foreclose-loan,0,10,0%,7.6
https://www.rupeekit.co.in/guides/hra-50-percent-cities-fy-2026-27,0,8,0%,5.25
https://www.rupeekit.co.in/tools/salary-increment-calculator-india,0,8,0%,8.25
https://www.rupeekit.co.in/blog/home-loan-eligibility-25000-salary-india,0,8,0%,41.5
https://www.rupeekit.co.in/tools/home-affordability-calculator-india,0,8,0%,57.75
https://www.rupeekit.co.in/tools/reduce-emi-vs-tenure-calculator-india,0,7,0%,7.71
https://www.rupeekit.co.in/tools/sip-calculator-india,0,7,0%,18
https://www.rupeekit.co.in/blog/home-loan-eligibility-45000-salary-india,0,7,0%,18.86
https://www.rupeekit.co.in/tools/80c-deduction-calculator-india,0,6,0%,6
https://www.rupeekit.co.in/tools/new-labour-code-take-home-calculator-india,0,6,0%,22.5
https://www.rupeekit.co.in/guides/sip-vs-swp-vs-home-loan-prepayment,0,5,0%,5.4
https://www.rupeekit.co.in/guides/loan-foreclosure-charges-gst-savings,0,5,0%,7.6
https://www.rupeekit.co.in/tools/gratuity-2026-old-vs-new-calculator-india,0,4,0%,6
https://www.rupeekit.co.in/blog/new-labour-code-gratuity-rules-india-2026,0,4,0%,7.5
https://www.rupeekit.co.in/tools/lumpsum-calculator-india,0,4,0%,12
https://www.rupeekit.co.in/guides/reduce-emi-or-tenure-after-prepayment,0,4,0%,35
https://www.rupeekit.co.in/guides/fixed-term-employee-gratuity-one-year,0,3,0%,7.67
https://www.rupeekit.co.in/guides/gratuity-calculation-with-joining-and-exit-dates,0,3,0%,8.33
https://www.rupeekit.co.in/guides/what-if-markets-fall-during-swp,0,3,0%,9.33
https://www.rupeekit.co.in/financial-updates/income-tax-itr7-utility-available-august-2026,0,3,0%,31.67
https://www.rupeekit.co.in/guides/personal-loan-apr-processing-fee-gst,0,2,0%,4
https://www.rupeekit.co.in/guides/emergency-fund-with-home-loan-emi,0,2,0%,5.5
https://www.rupeekit.co.in/blog/home-loan-eligibility-40000-salary-india,0,2,0%,8
https://www.rupeekit.co.in/blog/debt-repayment-planning-for-beginners,0,2,0%,9
https://www.rupeekit.co.in/tools/invest-vs-prepay-home-loan-calculator-india,0,2,0%,11
https://www.rupeekit.co.in/tools/fire-retirement-calculator-india,0,2,0%,25.5
https://www.rupeekit.co.in/guides/hra-rule-279-calculation,0,1,0%,1
https://www.rupeekit.co.in/rupeekit.co.in/kuchbhi/8th-pay-commission-fitment-factor/,0,1,0%,1
https://www.rupeekit.co.in/website-url-placeholder,0,1,0%,1
https://www.rupeekit.co.in/financial-updates/hra-exemption-explainer,0,1,0%,2
https://www.rupeekit.co.in/guides/5-lakh-home-loan-prepayment-impact,0,1,0%,2
https://www.rupeekit.co.in/guides/partial-prepayment-vs-full-foreclosure,0,1,0%,2
https://www.rupeekit.co.in/,0,1,0%,3
https://www.rupeekit.co.in/guides/emergency-fund-for-freelancer-india,0,1,0%,4
https://www.rupeekit.co.in/tools/education-loan-emi-tax-benefit-calculator-india,0,1,0%,5
https://www.rupeekit.co.in/guides/gratuity-50-percent-wage-rule,0,1,0%,7
https://www.rupeekit.co.in/blog/ppf-vs-elss-vs-fd-section-80c-india,0,1,0%,8
https://www.rupeekit.co.in/blog/how-to-improve-cibil-score-from-650-to-750-india,0,1,0%,10
https://www.rupeekit.co.in/guides/home-loan-rate-vs-investment-return,0,1,0%,10
https://www.rupeekit.co.in/guides/hra-old-vs-new-tax-regime,0,1,0%,10
https://www.rupeekit.co.in/guides/prepay-home-loan-or-keep-emergency-fund,0,1,0%,10
https://www.rupeekit.co.in/blog/how-to-track-expenses,0,1,0%,11
https://www.rupeekit.co.in/guides/pay-cash-or-take-home-loan,0,1,0%,11
